closure_group_id,rca,length_m,lat,lon
{3f138d8b-0103-4ac3-ad53-eff6b5d229cb},South Wairarapa District Council,44435,-41.56428,175.40110
{f7081f1a-f2d6-48e0-a78f-8cb1d7252d76},Waikato District Council,39877,-37.54004,174.93890
{7fe82d4e-205b-463a-8e28-0131d20d213f},Whangarei District Council,38742,-35.53684,174.28189
{c46e448b-f4b6-4ade-93fe-2efedb5cdc1a},Carterton District Council,38416,-41.24969,175.68444
{c0ad8804-17a9-446b-a1f7-656d97203e50},Land Information New Zealand,37587,-45.73752,167.36863
{7fd5163d-cd01-469e-b700-e62044da4658},Land Information New Zealand,36252,-44.20209,170.36206
{fec74470-5526-472c-a796-a27ed8ba197c},Land Information New Zealand,36227,-44.21045,170.37061
{22d28d24-7526-41fe-9f88-9f48e3374eb6},South Wairarapa District Council,34064,-41.60998,175.18895
{3f1328da-5750-480b-9d61-c8c18d87c96e},Far North District Council,30891,-35.27156,173.17143
{b7f0d7cf-b503-46be-885c-07c38aba7b9d},Waipa District Council,29827,-38.09211,175.35929
{49c3f8a5-bbac-4795-8f13-3fefa1155c16},Department of Conservation,29786,-45.79972,169.65974
{fca468db-0a72-45ab-95ea-e7e91ffb3f25},Land Information New Zealand,29659,-44.51830,170.25554
{b6e03a38-ac4c-457c-8a4b-824aaddad3f8},Land Information New Zealand,29647,-44.51828,170.25549
{eb851b20-f0ce-462a-97da-6ab60740e919},Land Information New Zealand,29463,-38.80142,176.25337
{43dcb6de-eb03-4758-afc5-79a2b3db64ee},Hastings District Council,27795,-39.78685,176.57994
{61887311-4f3e-4a53-ad0d-51f0c55e378d},Hastings District Council,26900,-39.83363,176.72553
{09953d26-d2c0-4ef9-9cbc-1c005196eb4d},South Waikato District Council,26837,-38.23790,175.67757
{c6c220bd-752e-404e-9955-452c418dde93},,26582,-43.78848,172.87914
{4fd5abb9-e8c1-4f3e-b496-c758163c66a2},Land Information New Zealand,26153,-42.01057,172.89907
{d4ae0ddc-59d8-4565-9710-a3dfae9d32ac},Land Information New Zealand,25781,-38.83697,176.30235
{9672587d-4559-4ee7-b1a3-85c3acb5ff21},Department of Conservation,25598,-42.33463,172.77960
{7b73716a-22a3-43c3-9ff8-b78fc86eaeed},Whangarei District Council,24936,-35.62200,174.40169
{7053c28c-b6f3-44dc-9d6c-33d9eedcb8e2},Waikato District Council,24887,-37.38806,174.72967
{7f7de0b0-7af8-440a-9ca9-330834b53d96},Land Information New Zealand,24782,-44.29819,170.21468
{70238204-d3f3-4255-9f3d-3fa0cc9679f1},Waipa District Council,24416,-37.98218,175.48335
{b5f5cd91-ce75-4826-9d57-18d6a165ce8f},Whangarei District Council,24392,-35.83832,174.37399
{e164a64d-a853-49f6-b1f4-e14ad06cc1bc},Dunedin City Council,24212,-45.42823,170.19615
{c9b0b20d-05ff-4fcc-9093-7bc2f0b8e424},Selwyn District Council,23744,-43.51638,171.54134
{aaf46dd6-d37f-465b-9909-1cbd56e1251f},Department of Conservation,23660,-42.22023,172.75703
{5c0b7ef7-80da-400e-b536-a74108e42af8},Waikato District Council,23544,-37.51874,175.18963
{98a2641f-a9db-4d9a-9197-c831a36dc118},Selwyn District Council,22840,-43.37679,171.47521
{e400f832-4e74-4d17-8e0a-7f9af42f2411},Western Bay of Plenty District Council,22692,-37.85283,176.41180
{52bb3e5e-3ca1-439f-be49-1f4b738e73ee},Hastings District Council,22682,-39.81275,176.92134
{4378b1e4-8a4f-495f-beee-cf21c1062967},Hastings District Council,22418,-39.59600,176.50022
{af57765f-6f19-4823-a7f2-2bdfea14ea1d},Waikato District Council,22406,-37.54792,175.00263
{0ab34a89-c96c-46c0-938e-a8b34f414eb7},Selwyn District Council,22158,-43.69076,171.81300
{faa4c976-590f-4683-8324-63e555a08254},South Waikato District Council,21730,-38.07613,175.81662
{38263a7a-ad55-424f-9478-d3cf59b7b61f},Land Information New Zealand,21354,-42.27581,171.56172
{b962def4-6562-46fa-855c-105511450ceb},Kaipara District Council,21283,-36.09747,174.23920
{fe589166-9d44-4546-bf93-f59e4d6a1845},Land Information New Zealand,21185,-38.97549,176.82182
{0c371b01-5caa-4972-aba7-dbfac753c743},Waipa District Council,21066,-38.01542,175.33067
{1be7ae5d-347b-4900-81d6-fec6c4727aeb},Land Information New Zealand,21036,-38.75279,176.45131
{31576286-9260-4b4d-8b16-41e3f6148815},Waikato District Council,20735,-37.61070,175.19136
{c2457080-760f-46ef-bbf8-04bbe1b5710c},Waka Kotahi NZ Transport Agency,20083,-38.03697,175.86016
{d923100a-115a-46ef-936b-5c889502eb35},Selwyn District Council,20039,-43.68200,171.89881
{2b354222-bb1c-4b46-b8a4-9def72d96b80},Mackenzie District Council,20022,-44.22000,169.87987
{cd5427d5-179b-447f-9336-b4b09cded555},Ashburton District Council,20016,-43.57336,171.15553
{de396645-e9a9-42e8-bcb6-74ab0be1e63d},Whangarei District Council,19992,-35.68066,174.33878
{c463ea30-36d3-47bb-9384-2fb95b625f48},Land Information New Zealand,19986,-41.75343,173.53054
{44641f1f-a315-447f-ac7b-6767ee622d57},Selwyn District Council,19957,-43.64072,172.11114
{9f59076e-f9b1-4505-b0a7-c8e74a4f45cd},Hastings District Council,19894,-39.50911,176.64275
{c76e0ee4-72ab-4220-91e4-54f0f1067a18},Whangarei District Council,19712,-35.71347,174.40268
{70fa7586-852a-4dcd-8a18-2bdbc3445cb0},Whakatane District Council,19635,-38.64785,176.87569
{5871893f-88a4-4dc5-bc87-1c628b639232},Land Information New Zealand,19442,-42.99673,172.44909
{ff1794c8-9dd6-40bf-9f18-304c2c23bc51},Waipa District Council,19433,-37.95159,175.13033
{64e9cf1c-c499-4c66-894a-2df9e7d7bd1b},Central Hawke's Bay District Council,19421,-39.88910,176.53244
{b2ac636d-c476-44c2-8011-f3164d3538c7},Land Information New Zealand,19335,-38.51553,175.96757
{6d7af83a-f8db-4235-835f-47481c79dea8},Kaipara District Council,19275,-36.24650,174.15966
{9a09021f-ba3e-4bc8-b0ae-d8a9a535197f},Central Otago District Council,19177,-44.96490,169.38385
{d98e64f5-ccd3-4094-bb05-3b090a2c8c56},Waikato District Council,19136,-37.54643,174.81592
{8944e7d7-858c-43d9-a045-cd8e7ae7c12e},Far North District Council,19093,-35.45050,173.83393
{cf81bfc2-6c8f-4456-a4e1-eab5bc2466ea},Ashburton District Council,18924,-43.38146,171.33436
{9ee590ad-9196-46e6-96fe-951494c66007},Waka Kotahi NZ Transport Agency,18645,-40.96553,174.98583
{a2e27eae-ee3e-42bc-82ca-3ac6d2d2f291},Waka Kotahi NZ Transport Agency,18642,-40.95538,174.98836
{9aec51ba-a743-4d02-ad07-e0935b24d855},Far North District Council,18210,-35.25448,173.24251
{43fd8211-c849-4ff7-9730-1a842afe1f3f},Selwyn District Council,18167,-43.58807,172.18530
{7d1e0c67-24af-4e4b-b10b-14585bf1a30a},Department of Conservation,18154,-38.94564,176.19093
{500aacca-6d1e-4ae6-b81b-56ad9f8a3a44},,17966,-43.83665,172.47831
{9430eaa6-9f62-4b38-a2b7-575ed65666d4},Land Information New Zealand,17886,-39.46524,175.81131
{c3c8a324-5a09-4729-bff2-53b938c5a9d6},Selwyn District Council,17878,-43.05891,171.87067
{8083fd28-d9ed-45bb-a9f0-22276fd8a4c9},Hastings District Council,17509,-39.65046,176.44157
{d1a349fc-6443-468e-8973-93a13bf4d007},South Waikato District Council,17277,-38.17257,175.69167
{6623f7b4-dbbd-423c-8ca1-9531e2007a8b},Land Information New Zealand,17271,-39.74481,176.27389
{9ff65e55-1e64-4cca-bb01-24ec1c029384},Waka Kotahi NZ Transport Agency,17233,-42.98333,170.68634
{1073a927-4c97-4c9a-b41a-bf6f5edf0cad},Waka Kotahi NZ Transport Agency,17147,-38.34162,175.88442
{1011dfc2-5f5b-46be-846a-0290b2e36403},,17127,-43.76578,172.77300
{92c76ffe-38a7-44c6-a1d1-845eb22c691a},Far North District Council,17065,-35.59978,173.70912
{5a4ca575-999f-455c-b4f3-664be7c4c5a7},Land Information New Zealand,16998,-41.63561,173.58555
{684da44f-9ed3-4c0f-8518-fff4fb7bd23d},Land Information New Zealand,16848,-44.27764,169.93669
{245f5581-766a-404d-921b-0ff004a30ba5},Land Information New Zealand,16848,-44.27764,169.93669
{7a6d435b-f78b-404b-9fda-8fb624066e2c},Central Otago District Council,16843,-44.99133,169.74272
{eef755bf-42d3-4573-8e9a-fa93320032e8},Land Information New Zealand,16791,-41.72220,173.54266
{32d31fa7-cdc2-44e9-b3b2-24d19adf2bb4},Land Information New Zealand,16651,-41.54659,172.81712
{8a62a5a3-c06d-496a-ad42-2b29c5243d40},Waitaki District Council,16375,-44.34811,169.89923
{75537cc5-70f0-4e18-b25c-0f3088b07dd1},Selwyn District Council,16290,-43.70873,172.24874
{c314e2e1-3a25-48ef-8d8f-22310416cb1f},Mackenzie District Council,16239,-44.06049,170.19348
{9a6790c3-31bc-4db7-b6e1-bb342f65d20d},Whakatane District Council,16211,-38.37106,177.10971
{2d696302-cbec-42d7-a482-194a5dd97c74},Land Information New Zealand,16192,-37.95515,176.03891
{1a383e97-0105-405e-9089-b158dffb1881},Western Bay of Plenty District Council,16071,-37.91783,176.44702
{e4cb484b-7399-40fc-8696-23e9428ee5ff},Waimakariri District Council,16062,-43.14194,172.41846
{4f17ad7c-b9f3-4d0a-bc1c-61ff7f76885a},Waka Kotahi NZ Transport Agency,16052,-40.04073,175.63365
{43684676-85ba-45dc-8750-c02678ecc152},Waka Kotahi NZ Transport Agency,16006,-41.11132,174.92030
{d7b29e41-4656-4bac-924b-73aecc596999},Land Information New Zealand,15791,-44.24033,170.19517
{af6e1b80-102a-4ca8-af1e-6418e485def3},Land Information New Zealand,15713,-34.98439,173.13817
{395442d9-df69-4453-9fac-a1c2b0a14a83},Waka Kotahi NZ Transport Agency,15685,-43.93409,169.04257
{c3361ca1-c7f9-4080-8daa-fc7345233c12},Department of Conservation,15598,-45.53828,167.17402
{7dc492d9-dd1e-4d92-bac0-baa8d4242b4e},Central Otago District Council,15583,-45.53722,169.59657
{f1552822-eac5-43ea-90d4-31ce5f771094},Selwyn District Council,15312,-43.75714,172.19671
{8b3e134f-671f-4860-a138-b7abb7d0a63a},Selwyn District Council,15272,-43.65970,172.02875
{1b1b6aae-6dca-4282-afd4-9e4e1356b2a9},Land Information New Zealand,15142,-45.11261,170.58394
{f6151caa-a7d1-4682-96db-89dd6ba86185},Gisborne District Council,15114,-38.42483,177.62947
{40c3498f-3113-4b07-aa20-961c4c1ec3dc},Western Bay of Plenty District Council,15087,-37.87824,176.24393
{03522212-a721-4f79-a4da-1ddc63b963e1},Waka Kotahi NZ Transport Agency,14984,-44.06814,170.36085
{6735d4f7-3540-4311-9d0e-9e67e2d94bb0},South Waikato District Council,14961,-38.25370,175.89276
{3c70a383-13b9-46e3-b404-89e072719575},South Wairarapa District Council,14747,-41.38650,175.68959
{28f3b597-859d-43f6-8fc3-447ba98da8ef},Land Information New Zealand,14727,-38.66928,176.45381
{896e2b76-2e0d-4675-a4ea-df4f226f9785},Selwyn District Council,14723,-43.66042,171.93240
{01510148-09d4-4177-9027-3557408760ca},Far North District Council,14504,-35.09879,173.46374
{08292032-9012-49d6-a58a-5622520fb63d},Kaipara District Council,14436,-35.91214,173.70984
{dd40728f-c041-4af9-8fc6-c56ac45a79c9},Waimakariri District Council,14416,-43.24549,172.30727
{bf2283e9-d285-455b-8024-2fb5bdf0e23f},Land Information New Zealand,14408,-41.09722,173.55846
{12e55f3f-98d0-4319-97bc-ecd0cb49eae8},South Waikato District Council,14405,-38.08335,175.63776
{a14b1c8e-be73-41fc-90d4-08f436ab5e6b},Whangarei District Council,14391,-35.72856,174.09801
{f31b7f4b-8112-4566-9d4d-f5d687f7f7a7},Land Information New Zealand,14381,-42.58695,171.27272
{52c715cd-9aec-463e-8aa8-c26fd6178d68},Waipa District Council,14374,-38.08230,175.62427
{16435162-519c-4cc7-bc07-11073f3d0286},Waipa District Council,14356,-38.13253,175.43000
{cf5ae3f8-55fa-4361-a570-1c12039702e5},Central Otago District Council,14311,-45.26339,169.91370
{455e84af-29eb-41d2-ae06-31040a14b4ef},Land Information New Zealand,14295,-36.60687,174.20698
{7b1ad5ad-9e46-46c3-8c3f-0d7e2dfb5d0a},Timaru District Council,14284,-44.23229,171.21163
{e8526179-e0bd-49bf-9ef5-1f937737c394},Selwyn District Council,14279,-43.58047,172.18383
{b567d306-fb8e-4390-bed5-6d81f892a74b},Land Information New Zealand,14234,-38.96831,176.36619
{d7dd1c5d-4c08-4416-9beb-0083af85c5d8},Waka Kotahi NZ Transport Agency,14225,-38.99390,175.33618
{be2df85b-3de6-477e-9a7e-8aa16e486df2},Otorohanga District Council,14224,-38.28460,175.52521
{2ccaf17c-67e3-4673-a0f9-451dbe1d759f},Whakatane District Council,14186,-38.62948,176.97588
{59b1a42e-41b1-4036-bb09-21ff1da4e0db},Land Information New Zealand,14160,-44.10909,170.23185
{df738264-ccc2-479a-bfe3-db9c4fa44876},Far North District Council,14146,-35.10069,173.33920
{df4b195b-4ed8-4d7c-8962-6bcfcf42d039},Carterton District Council,14061,-41.19424,175.58398
{ddad9ba8-9d36-46f5-9737-82d908cd6a9a},Far North District Council,14016,-35.11690,173.84005
{12af6fcb-11c7-470f-a920-889ef74f7aab},Land Information New Zealand,14004,-41.59856,173.56957
{d1e956a0-e514-4266-9957-aa958b36d495},South Waikato District Council,13988,-38.24230,175.73062
{5cd52f77-baa9-4112-820c-fbb5a8b88751},Land Information New Zealand,13951,-36.80662,174.35321
{2362e41f-e931-407c-9a6d-0c9889bf40b1},South Waikato District Council,13937,-38.14609,175.63417
{9de7492e-6719-49a4-941c-63efca2f386e},Land Information New Zealand,13930,-38.76319,176.38086
{b372012d-9508-4662-94c9-745fae2c2715},Land Information New Zealand,13923,-38.82208,176.49498
{2e0c8a3a-bcad-4b72-8372-d9d14112d080},Department of Conservation,13851,-38.39494,175.55117
{4be3284c-5926-49ae-ab52-4bf596b802d6},Waka Kotahi NZ Transport Agency,13847,-37.88404,176.62416
{b2b8a13c-221f-4df9-9c25-2ff6966de106},Land Information New Zealand,13846,-34.58541,172.81903
{72064f64-b411-454b-a3e5-93a97b013884},Department of Conservation,13809,-38.61118,177.07177
{fcfb8001-d9bc-477d-a7fd-81cd8c22a5c3},Land Information New Zealand,13717,-44.10105,170.23723
{1c97fe26-1462-41db-b334-719a3adebf5e},Rangitikei District Council,13627,-39.69337,175.59591
{d8d6e830-1941-49a1-b362-15e51b96308d},Selwyn District Council,13510,-43.77856,172.34358
{719a2ba5-55e8-4009-b5c3-2f62f72f4319},Waipa District Council,13482,-37.92611,175.08097
{1a3aba7e-45bb-4c42-a3fb-af27ca5367d6},Central Otago District Council,13449,-45.10260,169.92616
{935ed1e5-4c8f-43ba-b7d7-6724ba1928a9},Mackenzie District Council,13442,-44.25331,170.54535
{cda58765-9e74-4987-8d03-6e9d72de9ca1},Land Information New Zealand,13441,-38.28032,175.70610
{ffc98409-91bd-4bab-92d6-8f8c91784e8b},Waka Kotahi NZ Transport Agency,13438,-45.49070,170.12493
{be5fa9a5-2b41-42c0-9164-9b4bd33186af},Land Information New Zealand,13411,-45.45582,168.69448
{fd06acd7-2195-4567-83ee-e4b9a963f7bd},Land Information New Zealand,13395,-41.26965,173.34343
{fe04870b-97f3-4084-92d6-00f5cdd9a822},Waka Kotahi NZ Transport Agency,13376,-38.42751,175.81105
{2b2ff761-23f4-4a63-b3a8-823196e3b6ce},South Waikato District Council,13369,-38.23472,175.93314
{05d9d1c0-9dfe-499b-b8e0-9429d96a3743},Selwyn District Council,13333,-43.42738,172.00425
{8b1e568f-e221-486f-b42b-2297f394db9b},Western Bay of Plenty District Council,13325,-37.86975,176.07110
{a76437bd-b7bf-4406-b4de-2b397279c7d2},Land Information New Zealand,13324,-44.38291,170.59998
{ec75b57b-24bb-4604-bb78-cd4b925b4625},Land Information New Zealand,13292,-38.61764,177.36717
{e6574388-ae7e-41c0-9a6c-aae345b7bc3f},Southland District Council,13284,-45.47298,169.14069
{91b2e9e5-beb1-433f-9838-c68c7938d797},Land Information New Zealand,13265,-44.71342,170.93123
{6f630244-b550-43d0-a24a-9f64623e1de5},Land Information New Zealand,13243,-41.13340,173.51819
{f6d7703e-569b-4231-800b-c7d2ec35f676},South Wairarapa District Council,13182,-41.48729,175.50086
{545cfe7f-7acd-439a-a9c1-96d1a9746d9f},South Waikato District Council,13172,-38.05937,175.65869
{49825389-9425-4a29-b359-56c71c4cacde},Timaru District Council,13167,-44.01474,171.25923
{4a971c53-b952-48d5-9d00-37da562dd77f},Selwyn District Council,13128,-43.64207,172.34916
{c04c0126-6a23-416f-90ba-dc5347ff9261},Waipa District Council,13113,-37.90615,175.32389
{5646bf58-5bdf-48db-8477-5d5db2742a75},Land Information New Zealand,13083,-45.57232,170.56159
{88726f32-bc9c-4025-b919-ddbc2e97f4cb},Timaru District Council,13082,-44.44005,171.10517
{9391444a-23ed-4202-99b8-e623ecd3bd2a},Department of Conservation,13078,-41.76557,173.82325
{dc933004-344d-420d-9055-613784606bfb},Land Information New Zealand,13034,-44.61084,170.23340
{7273e7d5-0f87-4d2c-8c3d-067ddb59b848},Carterton District Council,13033,-41.18684,175.84678
{b8c1fdb1-e3a4-4709-829d-ffa1720ecd98},Land Information New Zealand,13012,-43.19349,172.33878
{cc30a466-6d01-4412-83f9-6e4b9a326fd2},Waikato District Council,13000,-37.54607,175.14221
{2af3e371-912d-4c8d-8897-6295be589219},Land Information New Zealand,12999,-38.71611,176.17597
{76af5309-a5eb-41c8-a403-9713a054b758},Land Information New Zealand,12977,-41.21835,174.96052
{e3a35f92-c743-461a-a0b3-aa845815f2f8},Land Information New Zealand,12974,-41.21833,174.96052
{a5220131-5fcf-4968-b6ce-a33aa33f84ee},Ruapehu District Council,12964,-39.03099,175.02461
{c973187d-a556-4f2f-88e8-e51e31e49992},South Waikato District Council,12820,-38.13881,175.69187
{8480c92a-d8ba-4996-8f6e-a4091026583a},Waka Kotahi NZ Transport Agency,12763,-38.32556,175.82308
{56aa3fed-23c1-4bb6-b807-63cce0f1f417},Dunedin City Council,12747,-45.73479,170.51538
{4a6995c0-5059-4402-9403-f6f1dcded441},Selwyn District Council,12724,-43.58772,172.07604
{4ffbeefc-a420-43ff-a7fa-adc16d6360e1},Department of Conservation,12711,-41.56704,173.33979
{e28e8b7c-51e6-40b8-bfcc-b1ef3952a31f},Central Otago District Council,12656,-44.88889,169.35863
{c2c82df5-ae89-4e79-8330-5776fd859a86},Land Information New Zealand,12633,-38.92009,177.19512
{aa9a5606-be36-4c92-b7ac-f45d0adbdac1},Far North District Council,12620,-35.31827,173.77625
{e26c81b9-b34c-4a08-ae0d-4af648e1fc9f},Western Bay of Plenty District Council,12592,-37.94676,176.50839
{de7e6e88-751b-4802-81c2-3a10b72c288b},Land Information New Zealand,12546,-42.58690,172.50142
{6b4cc6af-332d-4706-a4eb-c84e8221b740},Land Information New Zealand,12536,-38.24210,176.62153
{364cfd78-9542-483f-802f-f01167161921},Department of Conservation,12521,-39.41233,175.49522
{bafc4df9-a594-4ca2-b737-d048db0ce559},Land Information New Zealand,12516,-41.63029,172.82768
{0165578b-eeee-4a72-adb4-d2fb729f4afd},,12500,-43.82651,172.97636
{b1ad9450-4918-421c-9f68-c7b2bcff0b52},Waikato District Council,12489,-37.47082,175.21479
{03aa7401-fb74-4501-90c2-dece5fc87476},Waka Kotahi NZ Transport Agency,12476,-38.08513,175.15707
{5253137b-05eb-4a58-8620-15656ed03c9b},Far North District Council,12467,-35.30162,174.13490
{68339780-74d9-4185-b8e1-12eafe259cc3},Waka Kotahi NZ Transport Agency,12451,-45.11469,170.01099
{105f7bce-7860-4e7f-9122-015401d16895},Land Information New Zealand,12441,-45.57546,168.18782
{abe82d88-5fd8-43c9-8e74-dfa1ec568e3f},Central Hawke's Bay District Council,12354,-39.97353,176.35568
{3b2a1706-2c09-43cb-8b9a-7144a18d8f6c},Central Hawke's Bay District Council,12330,-39.94902,176.82404
{f580c9c5-6456-4cdb-82f0-cc2c4477f816},Land Information New Zealand,12319,-39.46576,176.25359
{5d22e770-f239-4793-9e37-e288faaca58a},Waipa District Council,12249,-38.00343,175.42996
{71136ce5-e4d8-4b9d-8c62-58bb30117f27},Department of Conservation,12231,-38.55185,175.64373
{d9bdee38-7528-4807-a80e-1215497797f0},Land Information New Zealand,12222,-37.75852,177.73826
{3a063c5e-af80-4af0-9b2e-112a818c2cc4},Department of Conservation,12216,-38.64189,175.48420
{dd6cf7f9-c8c8-4136-a805-9adfbe63b0e8},Whangarei District Council,12199,-35.59555,174.19454
